predictions,load demand,estimated errors
92.8739405833519,92.53500000000001,7.945404718048903e-10
92.87382152079721,91.04299999999995,2.8186861388367167e-05
98.41291107944494,95.82999999999987,0.0023339654485278034
127.0860336675773,121.96499999999999,0.012974950183371222
135.19786884656054,160.9730000000002,0.09820587188310648
164.7016062125627,173.90000000000012,0.21366588169642664
169.96348843757048,149.60500000000013,0.22116584886275745
144.61151750494048,139.02499999999998,0.12750485660452757
135.87220286253103,140.5510000000001,0.12265393888590741
128.08701347043632,145.61499999999998,0.020598362396730706
138.97333148996327,141.71399999999997,0.04722176906197082
137.44296866879313,135.40300000000005,0.12286304668426333
127.19215306971967,131.061,0.2541710275006233
128.59369600487128,134.83899999999994,0.1751629783437751
153.29018064602786,147.21200000000005,0.1835265788555017
170.69358471192862,183.91,0.03819383269486181
177.8863049196017,232.60299999999995,0.17019478497384227
207.4894312442579,259.30500000000023,0.18621466496886804
203.81866463214226,238.38700000000003,0.22965328742830304
201.81895895234777,201.79799999999992,0.3134798167805724
166.30881986993285,177.77900000000014,0.0584132619248078
129.04881821217077,136.97199999999992,0.053987985092437324
128.6360638677432,108.40299999999993,0.23036253358408107
96.77082021623268,99.07699999999998,0.20531064167395613
99.07635360075183,90.34100000000002,7.796532737381778e-05
99.07553562373518,94.15299999999996,0.008829331650440992
99.07248090228188,100.57999999999998,0.09380587113707571
99.32001734560383,121.18599999999994,0.30490045794152604
112.7939447429294,155.03499999999985,0.48640064324300186
113.43138492486572,175.72099999999998,0.6943372410571267
113.85528950489314,147.2890000000001,0.8295664174341136
121.02370035642802,130.28599999999994,0.7823078462245178
122.7036914310141,144.43299999999994,0.8360855017132889
122.85676856502535,141.03599999999997,0.9081763929358924
135.20576384877583,142.72600000000003,0.530754123755078
135.7893154496133,161.76100000000008,0.4384629381248761
135.64574578372435,140.164,0.6587291972807523
135.24624283331912,147.95500000000018,0.7761786028641701
135.77606869851027,179.31099999999986,0.8691551639576517
136.74196788187174,233.904,0.920764537708101
137.17012310395876,241.35300000000004,0.9569321301637266
137.42619738821145,242.57299999999987,0.9769147481649708
137.73265286882634,221.42899999999986,0.9864371658884347
178.1392637444417,204.87800000000001,0.5955522289552758
177.96788450303558,160.478,0.7637338915016422
175.84448556762922,127.14699999999999,0.8536682625334671
165.4678136039507,102.57399999999998,0.8525240773844974
160.28654942317058,93.63100000000001,0.8743990249495116
93.63071277228269,90.32399999999987,0.00010159774090720154
93.63066185622868,91.78399999999993,0.010079231130339603
93.64881462712574,104.96,0.10022302892149135
93.88053485980723,133.8989999999999,0.3154005918675676
97.9009834829569,160.86100000000002,0.5437021959882419
98.70060124972873,188.6950000000002,0.7337942610934596
99.14212470841157,164.06,0.8532835325027582
100.42515939872297,140.64200000000002,0.9080528275588836
102.49393990862038,147.90400000000008,0.9272675224410701
103.0719985362384,137.72499999999997,0.9546837678955177
122.47240809239709,136.07999999999996,0.6889525095311686
122.60873350434005,128.11799999999994,0.8276468481532925
122.65967602354777,131.69399999999993,0.9057834446310522
122.86202256743935,141.1550000000001,0.9448639487806745
123.1356211183624,163.14,0.9687125904440236
123.26515257949006,184.157,0.983421606204115
123.66882412292544,208.11300000000014,0.9897073952136791
124.06877593798036,233.02000000000012,0.9930701424846972
124.56698778748623,238.0070000000001,0.9938571665601127
140.95385472743175,211.55600000000007,0.8854003015201277
141.54555503952196,150.68499999999997,0.9295501642017645
140.8790595130087,124.14599999999999,0.9362678677000916
135.90352784638276,104.58400000000003,0.8982321281522431
132.072942527639,87.98800000000003,0.8886436423974935
87.98824115899455,81.195,5.9503982758777775e-05
87.98840364834612,86.50299999999993,0.007713636665294578
88.00095682119712,98.43999999999998,0.08778197195881607
88.13364709563534,122.48200000000001,0.2957855874629912
92.16030800871326,163.09200000000004,0.528240290663806
93.06883127410637,183.99199999999996,0.7231928173801514
93.64941710777454,149.58599999999984,0.8466288559132557
95.48165626293333,133.38500000000028,0.9010943671917835
97.04043923178502,135.18999999999994,0.9332661348675029
97.92397256817102,135.11499999999998,0.9553067451357178
103.35850733725844,129.95299999999995,0.9111895440832413
103.57838477955269,128.99900000000005,0.9516675698828685
103.9265019663944,129.77299999999988,0.9689582042702398
104.6022083063848,130.44300000000007,0.9745981361353168
105.13559461296367,134.5179999999998,0.9826889695789625
105.3140180578673,173.55000000000004,0.9903192057569022
105.78640080634582,198.181,0.9930702374299355
106.42257281191957,223.78800000000012,0.9940745507873368
106.95989919148583,240.6550000000001,0.9947466040176817
112.37843183995408,191.97199999999984,0.9698263865981115
113.05762884652589,161.65499999999992,0.9776824718700481
113.84132289653293,131.22300000000004,0.9621129919602751
112.23659733051274,108.53899999999985,0.8901576430375148
110.26873861500464,98.06199999999998,0.8845544124985449
98.06042926234304,86.93699999999994,8.437526630500983e-05
98.06005790039323,88.977,0.009185329764198065
98.0626950197724,102.56699999999996,0.09577508003733581
98.16818311562845,121.65400000000004,0.3088768784198676
101.12352177362094,156.61799999999997,0.542482919182664
102.27886490105274,194.1409999999999,0.7313775691900389
102.79353523102822,154.86299999999983,0.8510566249076681
104.23489815956131,149.3679999999999,0.9027448091853407
105.32117206222367,154.59400000000016,0.9351419219639777
106.22186618801817,148.90699999999995,0.9528345480527444
107.46404034711907,143.37900000000005,0.9555535396788413
107.67262660013692,132.688,0.9739497062088799
108.09277892558686,145.552,0.977379797338634
108.63701298720902,134.85500000000005,0.9784393045039248
108.82347160502312,151.0480000000002,0.9870023739533257
108.99660591475575,165.16500000000002,0.9923799136035988
109.39204466408853,200.14600000000019,0.994256759002593
110.10691229643272,225.08200000000005,0.9941986079526133
110.67819419833786,239.79000000000008,0.9947412413890376
112.40731488579726,199.14100000000005,0.9877432444251316
113.3536322909889,172.68400000000003,0.9839878325134173
114.32556375123809,141.41899999999987,0.960565836350287
112.06334542279109,115.361,0.047442107202049756
105.70958200864472,102.01299999999999,0.12557321898227186
102.01206434530296,89.141,1.5566372254308913e-09
102.0103610298539,86.447,3.9449219189348476e-05
101.97877771641892,94.64799999999987,0.006272640413449711
102.70100211513476,109.03699999999999,0.06598402091744865
122.34171188066821,132.56399999999996,0.1217141307637867
125.5521314841206,150.3690000000001,0.3245560162621501
169.6309640685142,189.70600000000022,0.18781194823519895
184.04740656984154,196.83500000000024,0.26283893718241325
186.35630860627293,192.84099999999992,0.4827979934610358
186.9467252632835,184.90399999999994,0.668168424836976
188.4091351550894,180.03899999999993,0.6641533400925297
172.2986896124388,168.95299999999992,0.37696668474376616
163.5535668709801,160.784,0.410016704923843
168.40129593253818,179.98800000000017,0.3310399134600381
175.66846414224483,191.5500000000001,0.33023329452267497
185.98317752281483,203.83400000000003,0.3780158110395543
186.3485160645015,224.68499999999995,0.612875905588567
187.5896573133565,238.53500000000003,0.7760687569606736
188.38376920927507,226.49399999999991,0.87404427604666
192.96796503461107,190.335,0.5871191451281256
173.18160747135016,161.4050000000002,0.2537222401685908
172.08424196836978,159.66600000000014,0.4961678523187599
161.25261624288547,128.49199999999993,0.6363699561560386
108.51693195160243,105.32499999999999,0.25770093751264034
105.3232150010929,95.51599999999996,0.00010066809690831112
105.3189219483891,90.25999999999998,0.010032061112110427
105.29018927341974,93.15299999999998,0.10005004228589552
105.32268300556846,103.30100000000006,0.3119821658850238
107.00876984161127,133.5729999999999,0.5387188852177089
111.84298503027946,156.16000000000008,0.688893408598106
112.96384707713777,181.669,0.8231613645949645
128.0993321200973,214.762,0.8183663280955693
130.4856563835382,199.88399999999982,0.889300993337382
132.8783901310829,187.89800000000005,0.9242306077624727
134.7653202849475,196.30100000000002,0.9445834893137055
159.4412502037628,182.85600000000008,0.4992730017389099
159.28763428549345,199.53699999999992,0.661409684235081
159.90441349546475,200.5370000000002,0.7967720267383751
160.4956496249479,210.26600000000005,0.8812434364817905
162.0540781119244,206.05700000000007,0.9186155580856139
162.6593827973391,210.17499999999987,0.9545476092005836
163.52270206304527,242.80200000000025,0.9721834054190727
164.6108537310422,228.89700000000002,0.9782345621788284
168.3321691475952,215.93599999999998,0.924572814097244
168.29336736327792,171.97299999999996,0.9368438494676846
168.09621000836233,131.33399999999992,0.9638334007779592
159.4664682714556,113.25500000000002,0.910658057135083
154.83659992811897,94.49000000000002,0.905036716914181
94.48917591789083,86.56399999999998,7.05251049192517e-05
94.48896264400771,83.25799999999995,0.008397662825159947
94.49786844087613,94.23300000000005,0.09157485567767337
94.62688250615089,122.59600000000012,0.3019486036243136
97.01100018259676,149.75400000000002,0.5392583158732186
98.01162737429989,174.57700000000003,0.7302658920530566
98.78208578730447,153.118,0.8487843197932454
99.67724322396089,153.82199999999997,0.9118183730274811
100.30861182337232,146.00399999999988,0.9482238518475513
101.01467278133421,134.301,0.96524120379786
102.33815737125374,140.88199999999998,0.9649631826688401
102.66666039756966,137.05499999999998,0.9773640129173436
103.08262146193695,134.1610000000001,0.9825773524799919
103.95632692355333,133.09700000000018,0.9774687267681175
104.23830176614591,147.1080000000001,0.9857203473895216
104.41674482971278,183.02000000000007,0.9916576746125446
104.89967086141046,229.51700000000017,0.9934870823410609
105.79678609715036,246.99999999999997,0.9931146978381803
106.55542064767042,239.03100000000006,0.9936100672449264
108.9794071833987,204.685,0.9838062882161579
109.80761115421912,168.694,0.984440794314369
110.34093320542178,124.87899999999995,0.9807279881683546
110.23653195475462,100.21599999999992,0.9567269146191688
108.84056646196366,87.40300000000005,0.9193075077148913
87.4029102184829,81.689,3.9640990144703166e-05
87.40281850106666,82.96799999999995,0.006295948526203893
87.40855974660089,97.11000000000006,0.0793216535073253
87.5930528147544,119.9119999999999,0.28091874208318235
88.39885813533658,155.49900000000002,0.5268721707204056
89.13361438694109,177.40499999999986,0.7230413523502921
90.23578798389283,150.72500000000002,0.8430865877812707
91.11977779123849,144.85700000000008,0.9110175221097485
92.14867998527689,130.23200000000008,0.9453746828187564
93.07038520185706,132.01100000000005,0.9626074330676588
95.20290113459798,124.82699999999997,0.958210416708182
95.72690407819411,132.341,0.9725599091482373
96.36357318163324,127.75300000000003,0.9783041325481051
97.75206468233733,132.64299999999994,0.9707425414406653
98.16620778642792,161.17400000000015,0.9813365047570385
98.43717069141377,179.71800000000005,0.9889967764743237
98.9346691879673,206.1509999999998,0.9924010098659979
99.76442613890546,243.7549999999999,0.9931691427061402
100.83833397284356,231.9410000000002,0.9926451449457656
103.9813199699157,198.73699999999994,0.980667249853207
105.17879863463828,161.12499999999997,0.9806528719869485
105.717296724568,140.74800000000005,0.9791624770931944
105.72259199403972,103.559,0.9701374313542117
104.53626244451583,95.17200000000001,0.9298590996475787
95.17067014986965,85.08399999999997,5.4161834357084276e-05
95.17029036713139,86.24799999999989,0.007359257140454168
95.1724060185869,103.71100000000003,0.08574822787190423
95.3432531209421,132.29600000000008,0.29190207023852044
96.37298717369163,148.46200000000005,0.5356481231699567
97.1535893648045,185.91900000000004,0.7284786871598232
98.33776141765412,153.31600000000006,0.8443821902207188
99.338714961952,130.8590000000001,0.9092464570900504
99.80122879678085,139.13500000000005,0.948118581683536
100.6106751193136,140.37399999999997,0.9628980021595981
101.22487939076109,141.82600000000005,0.9718102237637878
101.78510316302054,142.38200000000003,0.9774689976125984
102.31702039828242,133.22999999999982,0.9801639260420817
103.86620148675757,131.63999999999993,0.9652294696983138
104.29363902037632,143.94099999999997,0.9782236175606738
104.61685206058216,181.06800000000004,0.9869448537386571
105.14944059899231,218.185,0.9910021232897525
106.15783106541303,239.2070000000001,0.9917247801288841
107.50379351846843,232.0439999999998,0.9906238199136294
111.23978434746203,199.9140000000001,0.975151703172985
112.43334059091539,178.31699999999987,0.9761903994746265
112.80270630796498,126.92800000000003,0.9794531890592779
112.41315814063552,101.27899999999994,0.9642639602200842
110.80583768782816,84.16900000000003,0.9249079410231048
84.16904020969976,82.82,4.689728289976859e-05
84.169090018755,87.32499999999999,0.006847967898504682
84.17837994969577,92.66599999999998,0.0827249311972439
84.29187632057781,121.22100000000006,0.2872243408231559
85.17730724762369,174.64,0.5324259039324551
86.25561340688418,180.204,0.7256288502325821
88.18351855790475,157.00900000000016,0.8394409278591846
88.76766050594308,147.95499999999984,0.9111288084552241
89.57331401144748,137.54299999999992,0.9469615379583879
90.86544724055499,135.50300000000007,0.9601132123735319
91.69462008397937,149.99399999999997,0.9708537307672271
92.51426034039874,132.92800000000003,0.9764311746697448
93.47118956349706,141.50999999999996,0.9763839144009009
96.01271462216869,140.65799999999993,0.9558084681323956
96.51169575312093,166.65599999999995,0.9730455036786702
96.9908452179682,174.24300000000002,0.9836145145564533
97.75880256477423,198.96999999999977,0.9885322547920404
99.23571364585625,235.85499999999996,0.9890323319744816
101.15530347670547,232.72999999999993,0.9873805309461943
106.23068498241993,215.4610000000001,0.9679153247765473
107.09875784697758,179.21100000000004,0.9770407875890886
107.56828643035946,133.014,0.9788289964626085
107.33227002966333,104.11800000000004,0.9611904759808994
105.99126245713494,97.63699999999996,0.9311533755578937
97.63549992697871,92.171,3.8425602516528185e-05
97.63515070656136,86.92099999999995,0.0061986647543034795
97.63478641174126,92.14699999999993,0.0787121367740498
97.71282208635998,122.87800000000013,0.2801342147516823
97.8851071973447,155.43100000000007,0.5285466973870127
99.10803880206035,180.61,0.7216940596063929
100.98109580045508,144.7580000000001,0.8349983475065907
101.53265427367369,148.00199999999984,0.9078037558725399
102.27665312059297,155.4830000000002,0.9432156415001677
103.4511461543068,162.067,0.9547020837219619
103.93675989942176,160.9089999999999,0.9707756171238685
104.65844493682586,147.85299999999984,0.97407011509674
105.34438977523742,156.847,0.9760025126662868
106.75965501243437,165.78299999999982,0.9652159608347356
107.12436600103564,184.10600000000002,0.978805947207676
107.65208472633775,199.649,0.9856702359852556
108.28119164486498,214.31300000000002,0.989728861710731
110.13195615389165,217.5589999999998,0.9877217504659425
112.39786290840998,211.90500000000003,0.9846551821786055
114.05062515819776,218.9640000000001,0.9835265947589442
114.88373510364059,188.75199999999995,0.9846835089184945
115.33661391562418,152.53399999999993,0.979020462844922
115.45182493998219,130.99999999999994,0.977542184685106
110.78277471822622,116.40399999999998,0.7670917679816678
116.40157431277773,100.38200000000002,0.0001148151614984241
116.39646602194426,93.038,0.010714359095499247
116.3323300511461,97.47300000000001,0.10336771862805207
116.08259285470311,121.94200000000001,0.3178594238003905
116.86655624012822,130.22300000000004,0.5491245941294405
117.88587628938092,160.97000000000006,0.7296694187934756
119.37558075342679,178.43599999999992,0.8440143007509952
120.19667371431078,187.3009999999999,0.914092748703138
124.12144870336375,186.8250000000001,0.9320914403725605
127.28932664577233,196.33600000000007,0.9418154993090585
128.97921846046262,179.01099999999994,0.9573648012845873
129.96113686292844,188.11300000000008,0.9675236052105707
130.08904479927267,179.336,0.9821599179430895
130.49118432710196,188.52299999999988,0.987385512663294
130.94118393790708,185.35899999999992,0.9902227204248025
133.16453984659185,192.27499999999986,0.97896807746338
133.5817846401263,214.53900000000004,0.9872310896878219
134.9556319081262,206.11,0.9875855881604507
136.88509591130503,226.29500000000027,0.9837720378691467
137.67550578449257,203.72600000000003,0.9859925894932676
139.46956220328673,168.38899999999995,0.9641115074851153
139.4749161009961,144.59499999999997,0.9777720290865509
139.19196099972237,116.7149999999999,0.9794403249121827
138.23623050039765,99.79399999999995,0.973968545672358
99.79393803131366,96.49199999999996,8.089452085944663e-05
99.7928945281549,87.26399999999998,0.008993367649600393
99.78655825990562,92.46500000000003,0.09477504115342296
99.80714015279068,97.01699999999995,0.3075747570386336
101.75972424447129,113.34899999999993,0.5368890670325176
102.65485626862295,142.68500000000003,0.7265530064588535
105.07409398671034,170.13899999999998,0.8389308186579503
105.83428108627366,182.48399999999998,0.9121111203461161
107.67512558372404,193.006,0.9451078733661464
111.21476094488823,193.95399999999992,0.9516042571509712
112.67913249522464,177.12600000000006,0.9657808922747265
113.51597116277112,165.90400000000017,0.9764235710066755
113.76349231838364,169.281,0.9861436131484752
114.47706161939682,166.23399999999998,0.9881310361351888
115.08576584852331,178.12600000000006,0.9901023478027148
117.46430586104037,197.70999999999984,0.9803901962453884
118.00099844861029,232.63900000000027,0.9876242049133475
118.28729553370582,241.93299999999962,0.9925475196744867
120.97403580802279,241.57499999999996,0.9841550816621565
122.2856110134393,206.0,0.9841626730209451
125.67056363265452,169.78999999999994,0.9551968405568724
125.84602792390922,128.0159999999999,0.9719243655160147
124.22331474880441,104.91700000000004,0.9490874432631968
122.50418794268995,96.26899999999996,0.9323326876651281
96.26844991924202,87.99499999999999,8.576045273117256e-05
96.268017505473,92.121,0.009260365497814583
96.26711678332353,91.81800000000004,0.09619965635761926
96.40050755988824,121.74699999999999,0.30939419631214826
96.63704122847538,164.21699999999998,0.5551672971635082
98.41565414093452,180.45600000000005,0.7372352252090006
99.55625328547293,160.68200000000002,0.8492863299217531
100.29176411979591,143.63499999999996,0.914149609586924
100.78227943321794,140.406,0.9508847451227034
101.09118475797162,148.2799999999999,0.971806986592807
101.44211669488612,142.00500000000005,0.9820902016788966
102.07011582081536,140.17199999999994,0.9828501728608436
102.47177187894037,135.683,0.9867704017769706
102.73356366781604,152.95699999999982,0.9905043953065709
102.9910092349421,168.55799999999985,0.9932115531383396
103.4342299009853,201.907,0.9939202402662176
104.33727341840778,232.05400000000023,0.9927565405399491
105.35949800879493,254.43099999999976,0.9922649255851766
106.31892730540214,231.50300000000013,0.9921093137072395
107.76865558793202,219.65699999999993,0.9891159268885501
108.47262991337082,162.92000000000002,0.9895598342519569
108.73824102167566,131.6599999999999,0.990376611632575
108.29083240012234,102.991,0.9457795709077355
107.46284654833617,90.02499999999999,0.9281050535747868
90.02484485097246,87.43400000000005,6.16662429088512e-05
90.02486363063362,87.12999999999998,0.00785258518266939
90.02677121384784,98.04799999999993,0.0885857627020511
90.22490247091723,126.60999999999997,0.2967306967030372
90.55183487493075,150.87899999999985,0.5434540700873288
93.1216812054301,185.55699999999987,0.7266546386256955
94.23359311936706,157.83100000000002,0.8447998163280961
95.29903066888969,152.5570000000001,0.9093800825436082
95.96335205741515,144.09100000000007,0.9470152000624453
96.4392327311555,148.98600000000016,0.9685876246851766
96.92028738478348,132.01499999999987,0.9793619063079146
97.83178733867824,131.6500000000001,0.979087767475068
98.27796886116806,131.15399999999994,0.9844100747899931
98.66931687320739,153.55300000000005,0.9883980992348358
99.05113841877323,165.90200000000002,0.9913895195419944
99.54118915458191,192.01599999999988,0.9930244538120873
100.28266805678695,201.4180000000001,0.993442826431824
100.93545250834666,241.82499999999996,0.9943645973571503
102.21232600197693,233.83800000000002,0.9921178517837875
103.86938539078899,219.17799999999997,0.9886303731278893
104.44735641767394,168.93199999999993,0.9901365575058472
104.77238699491038,127.89700000000005,0.9898239365229768
104.64146359236445,102.54399999999995,0.9302102512309284
103.7554588856902,99.00400000000003,0.9159724048602729
99.00292768350143,83.40800000000002,3.5025154090275225e-05
99.00258753682367,86.52000000000002,0.005918065606556999
99.00102332784043,96.98799999999997,0.07690753499988229
99.14398752029456,130.88000000000008,0.27652957359116115
99.390481491948,152.64600000000019,0.524735515148603
101.82335852553211,175.26699999999985,0.7137852581713404
103.0673489788879,162.98000000000002,0.8351677033771533
103.97207088126041,138.92500000000013,0.9045331749350165
104.72592022865048,131.61599999999996,0.9420006134022606
105.2767435656667,131.62599999999995,0.9643065047772058
105.58191959685021,143.41299999999998,0.9775963403245886
106.22848383980335,138.1469999999999,0.9783978037388235
106.56912867546488,131.893,0.9837706363205027
107.02519946881225,144.70099999999996,0.9867561826105756
107.49001224625184,167.1860000000001,0.9894641555297891
108.07066998802856,183.61399999999995,0.991269336310901
108.62568229823492,200.03900000000002,0.9929800817210886
109.4662431244528,248.45099999999994,0.9932881700893037
110.96888271566037,231.12699999999998,0.9903726033038857
112.90386822365895,227.33900000000006,0.9859279608420486
113.51320372777144,170.63199999999992,0.9877311706347048
113.74553133960025,129.55400000000006,0.9877344619371644
112.08015783683139,108.621,0.9107903725388058
111.06315518349236,90.73699999999994,0.9110352613311464
90.73634707541162,86.34500000000001,4.931533876514577e-05
90.73621774584014,84.92300000000006,0.00702228450925299
90.7398136521079,93.487,0.08376674644922492
90.89625042976007,127.52799999999992,0.2887872180225651
91.23800910567012,155.74500000000003,0.5359470976887344
93.16187417844422,180.91500000000005,0.7241088575616859
94.6896115411068,150.6170000000001,0.8409703374790142
95.63508074461461,143.59100000000007,0.9083195606410386
96.26210309861163,130.97899999999998,0.946245761067625
96.68800069696911,127.06600000000003,0.9680347085062835
97.20451535092015,131.09399999999997,0.9781342194762456
98.32835275719448,135.86599999999999,0.9750121544471186
98.83384740893408,131.05599999999995,0.9807246048843614
99.47397005664357,141.2389999999999,0.9839739835348266
100.15480426794927,143.2639999999999,0.9869212482356826
100.89720136814846,185.2400000000001,0.9892464655184381
101.52646370332366,196.44200000000006,0.991682141287368
102.63836233854722,208.75700000000006,0.9919057694966128
104.84389030957054,209.27000000000004,0.9872775114246276
106.64181193522745,204.1899999999999,0.9858942287074624
107.5440479683976,171.40100000000015,0.9859281749838574
107.93361527084792,135.97800000000007,0.9848014992171095
107.7076302592752,106.39899999999999,0.9394768265579785
106.63630764610464,88.76999999999998,0.9207191138236014
88.76972542739236,88.97,4.217218623444114e-05
88.76961662611104,87.48699999999997,0.006493823291671937
88.77436423620618,97.03499999999994,0.08054963019596811
88.98063912613645,119.52100000000007,0.2830428586993738
89.44528885575724,151.00500000000008,0.530141952544044
92.0858476183495,171.25699999999998,0.7174549569097689
93.36824958881927,148.11500000000004,0.8384718691715993
94.70018383008045,150.01000000000022,0.9036239550555624
95.29956752716446,143.61499999999995,0.9436077941836061
95.65897558361186,139.40000000000003,0.9669950647276818
96.1651922070931,132.448,0.977372883345892
97.71466266830328,134.4980000000002,0.969563570846417
98.34424439430775,127.52599999999998,0.9761239032981457
99.01067573286416,145.19199999999992,0.9809739764458728
99.34207566287365,151.97200000000012,0.9876202598739772
100.33715453770422,200.48900000000006,0.9881463650021444
101.02395702717058,211.19200000000006,0.990756322178516
101.42352128911837,229.87499999999991,0.9938441618038691
102.45906528107454,212.42999999999978,0.9925651541059274
103.58612631773171,187.44700000000006,0.9912428634634001
104.88912234686123,183.14599999999984,0.9859539848636892
105.46922161519186,141.40000000000003,0.9826390885930888
105.79118847041472,114.98599999999999,0.9813359759511948
105.78360751586135,100.531,0.9777624149632262
100.53061488254613,89.12100000000004,6.422291492603173e-05
100.52893670822836,87.22100000000002,0.008013696219439254
100.51964039594642,97.16600000000004,0.08945592696896856
100.52622149460471,108.98300000000003,0.29890368450987304
100.64177664414447,116.12100000000001,0.5453788733956475
101.15892015979733,150.9030000000001,0.7346214031849119
102.77281434267229,185.73500000000007,0.8477299631049815
103.44237579957536,178.67199999999983,0.9172489618845064
105.99570884046975,181.13099999999991,0.9441562098422307
110.76933597153848,175.42100000000025,0.9445981565221105
112.18424871554545,171.78400000000013,0.962187138650599
112.88936678383256,175.20799999999997,0.9751484355455936
113.21463860364467,162.48699999999997,0.9848158793731996
113.64760045083715,166.562,0.9891125197742378
114.22302392020144,179.421,0.9906033386457866
117.42339800387407,198.01000000000013,0.9758486820923811
118.08525395832797,212.32299999999987,0.9848698388219439
118.47528946081447,226.51900000000026,0.9907579596937961
120.4320483612839,201.07700000000014,0.9868671108180139
122.22794769934973,187.916,0.9827564986580503
126.6359021451556,168.0840000000002,0.9436099520609252
126.7212634137001,149.93900000000002,0.966621221581745
126.56143143963467,121.22099999999999,0.9723867097419991
125.8814083627647,102.79899999999996,0.971206641903542
102.79764214166521,90.24099999999989,8.322610362730046e-05
102.79541783503934,88.47500000000004,0.0091219159551934
102.78531802760104,95.18900000000005,0.09543993891065326
102.79289763034504,98.327,0.30866125359690555
102.89225952429703,112.11400000000008,0.554085157286242
103.5815264838264,143.6569999999998,0.7389437894068759
104.85078193511568,187.92800000000008,0.8523926924954248
105.44625660300144,195.492,0.9198398827545625
106.78299735706159,223.71800000000002,0.9514522402349103
107.82902148200452,199.33799999999988,0.9690219537990318
109.07646055574494,194.99599999999995,0.9756233633764038
110.08213309532853,203.79700000000003,0.9799929658943581
110.44325005885149,176.14200000000014,0.9868551640073613
110.89777059874002,189.26499999999993,0.9898981348802879
111.617305128745,200.14500000000004,0.99002962779909
116.06903351688506,227.98800000000003,0.9688174126687807
116.69575523454168,233.13999999999987,0.9813465842510196
117.15705348961131,231.08700000000002,0.9886328150706488
117.56756298759828,242.45699999999982,0.992359256634342
118.47514040772224,203.38700000000003,0.9905915304464976
124.63426266408705,158.62700000000007,0.9323303574398253
124.77425231116453,127.45999999999992,0.9614566750377466
122.31700906308188,101.59599999999999,0.9140553641484642
119.95624881017301,93.99099999999993,0.9056873947197142
93.99048449237698,88.25700000000003,4.7166957961247114e-05
93.99022522371065,85.80299999999987,0.006867616332607339
93.99216388969121,92.02700000000009,0.08282806133304797
94.11153161386275,119.63499999999992,0.2872248226355356
94.62560514955562,139.07200000000006,0.5336084976938762
96.11559359110753,200.23700000000005,0.7238689535863426
97.19990398067657,160.85799999999995,0.8427006976919854
98.58955424775404,136.7730000000001,0.9050616330675272
99.22643315542923,132.02599999999987,0.9437789163747073
99.66957783516581,158.91500000000016,0.9657106082007568
100.22614107716342,154.09899999999985,0.9750844714553839
102.01384104103083,151.10500000000005,0.9624818588186772
102.56704004863,134.825,0.971692762795815
103.37629446141268,144.83400000000003,0.9763749858618713
103.76174738220392,166.51599999999993,0.9844470330055437
104.64835842509268,196.90299999999996,0.9871788161360256
105.51336372008997,231.281,0.9893339718311962
106.01082862399542,237.21900000000008,0.9926768273756552
107.15105954317019,235.64400000000026,0.9912069106281215
107.61034728207669,213.24000000000004,0.9932434965491619
108.63627974337648,172.13300000000004,0.9890162448176187
109.18767354057434,129.502,0.9843169858406247
108.68521313562071,114.24200000000015,0.9384039535297104
107.3236190956081,93.55999999999999,0.9132389691069963
93.55950980400922,91.26499999999997,2.584400582637273e-05
93.55925877246163,85.68400000000001,0.005083558744284283
93.5596921712892,99.67500000000005,0.07127169720461517
93.66966442140603,127.80300000000003,0.26645806929308785
93.88997724682926,153.0240000000001,0.5151473897463918
94.25618065186949,187.2579999999999,0.7162900918079369
95.42115875984811,148.82700000000008,0.8384077364873423
96.38868172831808,143.4750000000002,0.9062684817205546
97.10274097644063,133.91899999999987,0.9434286168270172
97.38809155941996,125.00700000000005,0.9683560072597548
97.77090131229859,141.84400000000005,0.979785697720885
98.61614846675752,131.92699999999996,0.9805267664554715
99.44408523311107,124.85999999999994,0.978068730783769
100.6326848082072,135.76100000000008,0.9760310289892964
101.11440643491468,151.12899999999996,0.9838668880835342
102.3222451130482,177.9869999999998,0.9853881578134069
102.92593747303415,196.59500000000003,0.9900623109727574
103.59774244968968,237.94399999999985,0.9924530915307924
104.48478780905528,244.61099999999993,0.992533316630915
105.10179680082898,209.099,0.9932717800288183
106.50723750309281,170.44900000000018,0.9864329429717795
107.1010203392393,128.503,0.9819468174492152
107.12606922026865,107.84799999999998,0.9720426260092045
105.64325279014928,97.00699999999995,0.919302378146239
97.00643398129822,85.6399999999999,4.160923855668543e-05
97.00596623926714,87.849,0.006450305177503254
97.00572019105098,104.138,0.08028438641584838
97.11949605533466,132.33400000000003,0.282752410517678
97.41274432181766,149.012,0.5302600596377496
97.88569166571794,181.41500000000005,0.7262410236212073
98.89136792589666,152.1950000000001,0.8444629385484097
100.12906588596037,154.92700000000008,0.9059936790513667
100.97576862946478,131.979,0.9403745760358924
101.16309227816714,133.13999999999993,0.9672681521142303
101.61781710663357,145.30099999999987,0.9779656919325901
102.21147390033916,131.301,0.9809429372169561
102.871414075871,133.88800000000006,0.9784962756516956
103.72600732305266,140.11000000000004,0.978315410246631
104.25256868427726,154.76400000000007,0.984149914530826
105.08811005189884,194.92500000000004,0.986981680931642
105.55304548943087,202.83,0.991243851832623
106.44514810008702,220.6660000000001,0.9921760873852881
107.12755028448909,221.2560000000001,0.993340110388638
107.97177887976632,202.40300000000005,0.9924860759883589
109.57135892778423,179.62600000000023,0.9837970883248507
110.15803760265261,135.05399999999995,0.9782880539577249
110.03490170544548,107.60799999999995,0.9630086926083878
108.51312291795887,91.76200000000001,0.9179567090975932
91.76151917335883,88.47099999999998,7.115793519704984e-05
91.76126442883698,87.94099999999995,0.008435188450859011
91.76519922060568,104.07600000000012,0.09181649948916087
91.88486075058515,130.27900000000008,0.30249567342372485
92.32512872139189,149.59700000000007,0.5478816596816323
92.97585382055351,178.11499999999987,0.737562362311218
94.46061822869574,152.5849999999999,0.8481334234104123
95.36229223402836,130.66999999999993,0.9130238814237995
96.55667501543982,138.05100000000002,0.9407672239730945
96.80871153105296,141.52700000000007,0.966807305933611
97.48258825444437,141.3,0.9760793633393229
98.17030272149405,125.764,0.97909312159739
99.15092760480876,127.80000000000003,0.9746771079173825
100.4041138109532,143.48700000000002,0.9724881907308762
101.11081222413992,156.96599999999992,0.9798226445345839
102.13061038286806,175.20799999999997,0.9841475913443577
102.7393456005305,197.95399999999995,0.9891506180769009
103.61316225298481,224.631,0.9911438112535224
104.44352614675834,218.993,0.9922195788980572
105.48159524341858,198.4890000000001,0.9909701016665029
107.25072569648295,170.7199999999999,0.9827718649902597
108.09504642138863,136.87300000000002,0.9746697043682432
108.06917039550275,107.27,0.9538723418990471
106.38460447497455,94.059,0.907188008906014
94.05845827882303,88.21599999999994,5.5170671950911934e-05
94.05811304868509,88.10899999999997,0.007427410300217807
94.06141711649354,100.14999999999996,0.08615894624247086
94.192652701505,133.54299999999992,0.2929675315677167
94.74292350832341,151.57600000000002,0.5385574911490675
95.48613221141774,176.01200000000017,0.7307313523499603
97.42092876065242,138.80599999999993,0.8402971699001588
97.8340179502082,135.41199999999998,0.9123956881003784
99.21333078913749,132.45299999999997,0.9377850274040618
99.53081488911415,140.43199999999996,0.9644242112160523
100.37192908654315,148.47399999999993,0.9723775940639219
100.89272700664368,145.45100000000005,0.9780605613625003
101.98715786043115,141.1050000000001,0.9702391661837614
103.48437917010683,160.461,0.9665542152856571
104.37968712510752,173.36300000000014,0.9747461544361371
105.14065818841934,210.39600000000013,0.9825909504704824
105.8422163153912,225.89999999999978,0.9877224400511236
106.9520356456038,223.95700000000005,0.9893298382012459
107.86511425551933,220.95499999999996,0.9907472723274633
109.03025272390433,189.78199999999995,0.9892289100150083
110.9842523415919,167.803,0.979434959296389
111.8839857790136,135.14799999999997,0.9701472307737927
112.1250127633817,108.10000000000005,0.9701685375217114
111.77051357300031,96.75099999999998,0.9645210865833561
96.75027961108417,99.17899999999995,5.171948442010757e-05
96.74908191766617,92.21399999999993,0.007190860079400285
96.74685364442365,94.34799999999996,0.0847344161033286
96.75645628251169,107.37100000000005,0.2908582706011953
96.86190601598558,117.39200000000005,0.5379819025427489
97.61108809257446,167.87300000000016,0.7280798120296131
98.96285474191697,185.73300000000012,0.8464472042037553
99.71098634503448,182.39000000000007,0.9162129765445268
100.13367878227476,163.67699999999982,0.9552625419126093
101.17919466186636,163.9990000000002,0.9717227820539363
102.03098629337649,164.453,0.9806646522083063
102.39942653555622,153.322,0.9880598712441317
102.93044770667429,155.41599999999997,0.9901655160930516
103.4862077199034,176.21200000000002,0.9915391988363501
104.17910171752447,181.57599999999985,0.9917279522231194
104.69624213598819,189.833,0.9933574472445228
105.53002189502197,185.34000000000006,0.9932251737136107
106.21771440458232,199.2449999999999,0.9938738384468907
106.7033520062854,195.9660000000001,0.9949958724198062
108.08346249269192,182.32100000000003,0.9901122389999827
110.22954531896472,171.64000000000001,0.9761929222026836
110.44814046558132,144.55599999999984,0.9838379629446513
110.5317706142833,112.49900000000002,0.9816752349919883
110.14562162653286,96.09000000000002,0.9716810695358971
96.09012342881996,92.12600000000005,9.060683923941636e-05
96.08946450428354,93.573,0.009517883685590853
96.08647093336063,88.92199999999997,0.0974363469305104
96.10554924782544,100.04,0.3117979075669641
96.25247421234818,119.00500000000004,0.5564930654330168
96.5652008150932,140.77400000000006,0.7439698632214155
98.41410990101097,173.014,0.8533171144024116
99.30298698541012,189.9779999999999,0.9190951735056452
99.4738955144463,184.2539999999999,0.9577674025711074
99.89078862334065,180.79299999999986,0.9760580739635908
100.41678823799046,178.95399999999995,0.9845924144013153
100.62470011131099,161.96200000000013,0.9908433785592471
101.07690383828913,158.51699999999997,0.9919255545379443
101.7872570060889,157.42,0.9914203033660822
102.58334180081123,160.21300000000025,0.9909625206989618
103.06026002736832,167.158,0.9930652076066367
103.31515768436978,199.37500000000003,0.9953486790789091
103.66592470805635,218.72399999999982,0.9961570999772008
103.93435739457887,222.06899999999987,0.9968921130997077
104.76944365781945,195.39999999999992,0.9936954717457135
107.0616965118758,169.943,0.9784118460118135
107.38357852421184,129.69000000000003,0.9841424900499738
107.39677489721448,107.42199999999998,0.9472901146311373
105.54652067956711,91.42000000000006,0.8929261613746844
91.41970506564542,89.61500000000002,3.090789229114055e-05
91.41954493798012,90.38799999999995,0.005559295243603342
91.42364782923615,95.66000000000003,0.07454059501972302
91.55919125285641,124.53199999999993,0.27254669425103334
92.27983062419813,150.95899999999997,0.518836109385156
93.14664828335376,181.261,0.7167325523746716
93.85418398141556,143.99799999999993,0.8411358617034997
94.35284480985902,138.4320000000001,0.9120387887537509
96.07547992177275,132.58400000000003,0.9343456553472861
96.54841305410791,143.58400000000006,0.9612625453971095
97.6297440914781,134.63000000000002,0.9693166842626868
98.12277306088579,125.73300000000003,0.978309127330598
99.02804572844163,118.94599999999987,0.9769048124785514
99.64996571537756,141.42200000000003,0.9822730440089027
100.28100759656652,149.89000000000004,0.9860933576761395
100.72524503585994,194.8400000000001,0.9906471858376805
101.2848660848496,207.89099999999993,0.9927794291170767
102.71198255575986,238.92699999999985,0.9906814056771069
103.95636287555992,232.49700000000027,0.9901449762442409
104.98106708646932,211.64499999999998,0.9896254721814133
107.14293908908,167.79699999999994,0.9785271303526706
108.59336173942255,131.767,0.9625166186207589
108.46670348757839,103.42200000000001,0.9228427569339274
106.09206339718207,89.80600000000001,0.8728796150278674
89.80596114651487,86.53199999999998,3.295376193294176e-05
89.80595171165848,83.11300000000003,0.005740376483907973
89.80981407659506,89.78700000000005,0.07574425992549941
89.9404718520258,119.29500000000002,0.2747494067339354
90.9736215726281,146.02800000000002,0.5196647926734779
92.20143991615952,176.21800000000002,0.7159102494775716
93.04224564516888,160.28799999999993,0.8395020728195893
93.72086843912186,137.48800000000008,0.9094068187347507
95.92970096616905,138.364,0.9270235956215995
96.56248360556907,130.42899999999995,0.9559596444426559
97.41096190495725,124.06,0.9683979776686361
97.83200239095878,118.84400000000002,0.9780099846820011
98.22331701403175,114.29700000000004,0.982640243248839
98.8992365541682,125.72300000000001,0.9843268028737489
99.47472394826318,149.78300000000007,0.9872911106378526
100.10520712458835,165.46800000000002,0.990297761792703
100.81887204992579,204.711,0.991881661539379
102.20366012070316,214.62799999999993,0.9906338724371734
103.59752436875723,212.18399999999994,0.9896885455955445
104.55850135142607,195.17900000000003,0.9899929718472231
107.16258407787363,168.96700000000018,0.9750957015745403
108.80526530797985,128.69500000000002,0.9558018135323267
108.53501086195627,98.797,0.9273504967920032
105.94499340806705,92.02499999999996,0.8735847046215265
92.02454232043603,83.40300000000002,5.967834904308952e-05
92.02429269921686,85.47700000000003,0.007724975197919587
92.02520268965016,92.01799999999993,0.08787039554803913
92.11599124358108,132.2059999999999,0.2960240870876447
93.19073253507236,154.92000000000004,0.5389077159953733
94.62797917505361,180.00200000000007,0.727891293362297
95.2277307171851,158.1860000000001,0.8486690115038725
96.1074569819949,141.43499999999992,0.9117659400311091
98.33742363136,125.889,0.9273669620290598
98.87413711452024,120.966,0.9563260076302167
99.25320750282218,133.02200000000005,0.9725205044224046
99.55335607941018,134.99699999999999,0.9807401517551746
99.7977481861348,125.77699999999999,0.9852376106021655
100.08367515803866,130.61200000000005,0.9890059776596241
100.71590650074745,154.232,0.9887780392006831
101.04021053618158,179.171,0.9923577702295682
101.94223052539395,209.19000000000008,0.991941411494215
102.9493699899768,219.78200000000007,0.9918882669574308
104.09759593786102,220.568,0.9910898859079481
105.22852589172223,204.84299999999996,0.9896595960630844
108.45815316405496,169.21500000000015,0.9695840074523696
109.90683207030823,139.59599999999986,0.9531000116303413
109.57588848992846,103.89900000000002,0.9497916952174177
106.11179382802985,97.18800000000005,0.8614859400833822
97.18673508760673,82.56900000000002,5.845265282318673e-05
97.18631349971133,92.22500000000004,0.007645208156333786
97.18472941064644,87.76399999999998,0.0874125985890676
97.26588792518447,135.61999999999995,0.2952604779574819
98.17679708399403,145.31199999999995,0.5388028907234714
99.97454611074218,166.16899999999995,0.7258303965600976
100.64860882140789,148.24900000000002,0.846624890393381
101.67191676633395,138.219,0.9078717059630408
102.59898586124328,129.3000000000001,0.9382703335577823
102.86836618339244,131.16400000000002,0.9638329340189276
103.32003763038513,130.42200000000008,0.9744126561065832
103.64854716920055,137.3570000000001,0.9809430483276586
103.93671912186878,138.07199999999992,0.98347079716116
104.21961971172215,149.84600000000006,0.9873917953532051
104.9674632117067,156.07500000000002,0.9863027182164016
105.37561815491858,173.00400000000005,0.9904285120374873
106.56124373803031,187.4060000000001,0.9894420016904062
107.79897731292519,221.07200000000012,0.989425098585416
109.32908001363634,221.50700000000018,0.9879541296333286
110.67378494717435,211.42999999999995,0.9867453604605478
114.55910719851008,180.27199999999985,0.9599939780249502
115.34365378634264,135.53800000000004,0.9601903948109263
114.54759728162865,114.25700000000006,0.945465795670221
112.04779545415077,102.08499999999997,0.8964797199258074
102.08313092573152,98.61800000000001,3.378328831284541e-05
102.08281846290608,97.36599999999997,0.005812224652064014
102.07902148684387,109.11699999999993,0.07622106001184067
102.14113413554499,136.26600000000008,0.2757872193835611
102.77105280906116,153.571,0.5216132718819616
103.52310931389313,186.081,0.7184276900783545
104.23734744825602,149.493,0.8413353260397316
105.49338378464333,147.73299999999992,0.9005058590597188
106.42140816713679,141.29899999999984,0.9314586440824266
106.73633505667831,142.78299999999982,0.958743813697801
107.23613133596703,150.2869999999999,0.9694966129900491
107.59279680239001,139.69,0.9775883223929843
107.82724312968722,140.41499999999996,0.9832385952055954
108.12249782236806,149.34499999999983,0.9873679223836017
109.05382648613144,155.42700000000013,0.9838068502873076
109.52814004507036,178.30699999999987,0.9884313543352793
110.14182619036985,196.92200000000017,0.9908538787183516
111.78443477856074,225.39100000000008,0.9881233319790524
113.70019141645024,209.26700000000014,0.9853043467017014
115.07947628260605,185.61000000000024,0.9851726958676629
116.81015848313649,157.31899999999996,0.9777109091264418
117.78848932678977,127.35099999999994,0.9614736169134287
117.68248001027358,111.27199999999996,0.9675913135856976
116.87317709513589,101.28699999999994,0.9624206123435161
101.28612415519905,92.17799999999993,7.479451748341302e-05
101.28505380818122,83.36599999999997,0.008647458993075235
101.2764319277801,87.4120000000001,0.09294088694303027
101.28088534377956,108.04199999999999,0.30446789858372825
101.43093301264246,120.32600000000005,0.5493454777075061
101.66315558296874,144.36400000000012,0.7393229060119937
102.87503950620273,174.55499999999995,0.8531606339206091
104.02890023184115,176.75300000000001,0.9173768748132681
104.24392825301601,169.74800000000005,0.9565485582842139
104.77337219250688,165.6339999999999,0.9745715548608304
105.41696055806393,164.74599999999995,0.9828560692723656
105.64633963504053,157.35199999999992,0.9896119197433657
106.15241843490685,149.0959999999999,0.9903929004280184
106.52726781772232,165.6870000000001,0.9923128700785447
106.87688117026799,165.04499999999996,0.9936134774707919
107.09937197297094,180.3250000000001,0.9953850707859888
107.39903217619788,189.1299999999999,0.9961948880433433
107.86790056626276,198.7239999999998,0.9959956042723697
108.22405029326343,203.1989999999999,0.9963916424684497
109.28268412102531,176.38199999999992,0.9919632784661386
111.94035397020313,166.66400000000024,0.9733735059386728
112.2089394234198,134.7080000000001,0.9810524065142332
112.23132898294448,112.76200000000001,0.9730188734677016
111.55178992763997,103.231,0.9593938744118903
103.2298463340825,91.86100000000003,4.174238475866573e-05
103.22741739901323,84.98100000000001,0.006460965763844052
103.21963583853876,83.55900000000007,0.08035102557714975
103.22379078808852,101.56100000000005,0.283088795610828
103.39647872917843,115.37100000000012,0.52914261870444
103.66586953009357,151.16799999999998,0.7251415243980359
104.941551290245,180.451,0.8441592417073892
105.88831967169764,168.68300000000002,0.9132737225836532
106.1067604466807,172.21800000000007,0.9542562595446715
106.58750352835122,168.121,0.9734036216934612
107.14646741001388,173.37900000000005,0.9824308272212237
107.38157275626963,163.2390000000001,0.9891162106128991
107.80180119512843,153.0360000000001,0.9904353902749183
108.2686625925095,156.4190000000001,0.9914229141816248
108.65148577136095,170.27099999999993,0.9926863054275333
108.92943798138309,185.39499999999998,0.994478836508481
109.21561938433909,199.38099999999986,0.9956447226619584
109.61750024254297,232.35099999999997,0.9958686569198635
109.99500881206154,243.05400000000017,0.9961142289809742
110.66965878159327,198.53000000000003,0.9936766213412291
113.95285023472425,172.33000000000007,0.9677551931083287
114.26102375225166,124.31799999999988,0.9766361752259648
114.05773197722242,105.28999999999998,0.9721984432905294
112.8643106582736,89.97599999999993,0.9348279984927633
89.9764721024459,89.005,8.604741396172172e-05
89.9766154587126,83.97399999999996,0.00927595708022827
89.97925957535936,87.99099999999986,0.09629707915779445
90.1129206663112,121.97699999999989,0.3098376176808486
91.11673939966795,141.46599999999995,0.5519921512762982
91.88469551283346,168.59999999999985,0.7396855258041537
93.0898823379719,149.97600000000006,0.8512620709499334
94.47896877459165,133.68700000000004,0.9097013162821753
95.44964626700978,137.64000000000001,0.9422805291049637
95.90570005935025,137.72399999999988,0.9650729212050516
96.31741824927558,142.5290000000002,0.9775966610628568
96.94452314863838,123.42999999999994,0.9806213174957532
97.34928382897483,112.67000000000013,0.9848420134569333
97.85000218382113,135.99800000000005,0.987193480535653
99.40034449429399,163.792,0.9800857857540417
100.1514994796714,200.82100000000008,0.9852399360743512
101.0522804481687,207.2309999999999,0.9880856091500856
103.32057614219137,231.7780000000001,0.9848054014385221
104.95058269835882,223.71400000000003,0.985196538144492
105.67582740948858,204.00499999999977,0.9887177543955742
106.49412279929003,173.671,0.9877711971716602
107.55098128700129,125.06499999999997,0.9733317326536682
107.52735509781161,107.30900000000005,0.9660344365696747
106.58029562492572,87.55000000000003,0.9356079864123694
87.5502351372134,86.21600000000002,6.141927133581423e-05
87.55019044008932,86.52300000000002,0.007836862661498006
87.55131305876509,92.22699999999996,0.08851434011183139
87.62993903097102,113.93599999999998,0.2972323408418987
88.21331584805853,154.91099999999997,0.5425168813453571
88.94917027081898,174.69999999999993,0.7334349114149611
90.54285503744707,141.914,0.8452653956113239
91.61326073563436,126.94399999999996,0.9092364206266528
92.99636015910507,129.88699999999997,0.9385371297936882
93.66304105383831,124.87700000000001,0.961208539190907
94.25617859090951,133.78299999999996,0.9740677474137185
94.77086601813055,149.88000000000014,0.979723632880412
94.97245651367896,135.1330000000001,0.986554471787785
95.51579601847084,139.84000000000006,0.9874896758486017
97.04313233625565,165.24399999999997,0.9815421338318527
97.52562809319869,162.81500000000003,0.9880168185512779
98.64929854861455,191.62899999999988,0.9886821934481911
101.13032704552035,224.137,0.9846687887248574
103.07494087856077,225.97999999999985,0.9840871507711388
104.05963668651054,201.10799999999978,0.9869807454147199
105.13312814759854,166.42499999999995,0.9853132022381113
105.99243525858154,136.6719999999999,0.9746064611089094
106.05437224912468,106.91000000000001,0.9589324492420819
105.07866227609233,92.33099999999999,0.9338516447137599
92.33050963917533,86.58399999999995,4.684499396714395e-05
92.33034736026646,86.04600000000005,0.006844168606820628
92.3305507664408,93.74599999999994,0.08271784169283582
92.36348588053562,130.04799999999997,0.28745739889414423
92.8733071410207,153.5640000000001,0.5337611234080473
93.76126198391256,174.59400000000005,0.7266275144119395
94.86648933981513,157.32399999999984,0.84354932700911
95.45304537025024,145.53000000000006,0.9116873718195782
96.6835898238796,133.90000000000018,0.939398917274155
97.17994794611496,142.63500000000002,0.9624360259448645
97.7857411460848,138.92600000000004,0.9735346689658008
98.0963956789785,133.95900000000006,0.9828178511148086
98.33723258622513,130.77300000000017,0.9874972405189288
99.01689267928921,144.06099999999998,0.9858208877183904
100.57014008900887,159.069,0.9802598951409898
100.90085339819389,182.99199999999993,0.9878789279744532
101.93619777316695,210.9750000000002,0.988632261758339
105.08124513428884,222.5890000000001,0.9816135409541861
107.26184062913379,242.87800000000013,0.9814310992759775
108.57855581710247,222.975,0.9836621107014059
109.78948126815963,188.6959999999998,0.9816717313954313
110.4903162177249,144.49699999999999,0.9750620858588314
110.22226416773462,118.67099999999996,0.9483877765566919
108.88905066828966,98.01500000000004,0.9237931455313926
98.01397635902127,92.07099999999993,2.5802130688289964e-05
98.01365439219212,93.768,0.005079452134938305
98.01278203343819,97.32200000000006,0.07126016844295809
98.04390656441224,127.86299999999987,0.26679732822970953
98.57229737107184,151.842,0.5139586541988507
99.6403440331059,176.92199999999974,0.711870152557818
100.4466050158269,152.50099999999998,0.837044063213826
100.94358489808863,143.87000000000003,0.9089039599792493
102.40236951076217,139.84599999999995,0.9320075101178041
102.86638239515133,131.57099999999994,0.9589065458215154
103.5665834887412,140.27799999999996,0.9693514272328886
103.90631221593699,128.413,0.9794275049506956
104.18158212817822,130.43500000000003,0.9843414399073971
104.98976834428721,135.79399999999987,0.9815220436390206
106.75402319710822,150.81000000000006,0.9746509469681653
107.1514271541283,161.83700000000007,0.9844930563834066
108.1230875866878,178.2059999999998,0.987170427934054
111.89894977834899,203.3249999999999,0.9773589032651707
112.77597621217608,207.61600000000007,0.98488199632343
113.49258147557723,206.3909999999999,0.9887784034342165
114.04893488991044,161.56199999999993,0.9899516502437299
114.47166084542071,134.38199999999995,0.9855628890302832
114.40630574787275,96.65599999999996,0.9772768467315989
113.07043541522843,86.27399999999994,0.9399777541529023
86.2744144948033,85.77199999999996,4.496504235618261e-05
86.27455771711286,87.07300000000001,0.0067054569230574745
86.27727741408125,93.5019999999999,0.08187168234577287
86.34406779449925,123.98399999999995,0.2858965454456294
87.27070840896585,149.084,0.5308761248922761
88.96659609383804,180.59800000000004,0.7215821429345736
90.32409447775281,143.96500000000012,0.8401629840220097
91.13544687113163,131.891,0.9091243914284814
93.03897442361169,150.68900000000005,0.933296581220389
93.72345726564342,126.10199999999988,0.9581317815947434
94.9138410356854,131.84299999999996,0.9657804269633207
95.38425629327561,128.44799999999992,0.9767456770013974
95.89806698297012,129.65199999999996,0.9809084916183007
96.90354115886798,139.066,0.9788525267032453
98.44439625250946,152.9569999999999,0.9764384091816277
98.84779373457161,185.05899999999994,0.985444882526752
99.3394743260763,190.31300000000007,0.9901340065648253
100.35648514974498,195.07799999999997,0.9907740060825232
101.0455549067089,222.91299999999995,0.9924716025679026
102.07952851531171,189.82799999999966,0.9914486424167989
102.63477809175752,160.75700000000006,0.9916825427783167
103.47894290001278,144.394,0.9830743996141424
103.92791905844086,120.25199999999997,0.967354122487459
103.73965534806965,97.12000000000003,0.9528406049977997
97.11944945988004,87.96799999999992,2.85180711734426e-05
97.11784830461221,86.07200000000007,0.005339866448519934
97.11367513992809,85.68200000000007,0.0730555123413714
97.13339360349671,105.67999999999992,0.269873520533915
97.39311725360201,125.13899999999988,0.5162041715700459
97.7930856717501,152.576,0.7156332682178556
99.55967267937834,173.14000000000001,0.836653828804072
100.2476168077632,168.51100000000008,0.9106108698784449
100.54215098121365,157.78100000000003,0.9524461766949189
101.18871976610271,160.51200000000003,0.9715118371276621
102.0181309806406,161.75700000000015,0.979937250896363
102.359778351723,156.47800000000015,0.9871634579557679
102.90181740161401,149.87500000000003,0.9885158902371058
103.38268894352323,160.425,0.9903855440854651
103.948049129417,172.058,0.9910187446992379
104.35493666178164,195.17299999999994,0.992965792494358
104.75941587605517,188.12900000000005,0.9943430268576412
105.20732133472433,199.75400000000005,0.9952469003021134
105.52754454162213,208.23799999999991,0.9962617570555582
106.32364458377214,199.6780000000002,0.9934657391876568
110.06730142050317,167.98,0.9667012709810477
110.34710710325598,132.11,0.9766043296842948
110.53180553524089,117.19099999999999,0.9694374300861734
109.79378190907347,98.628,0.9506325382617079
98.62691820191786,93.77400000000006,5.238463315243756e-05
98.62521118791146,88.05700000000003,0.007236908184380156
98.61795279013329,84.83499999999997,0.08503938323021426
98.64414557840415,95.34599999999999,0.2909689985908436
98.88489162576433,116.16399999999999,0.5363825799118827
99.42095792167375,132.33400000000003,0.7285000429300288
101.29798296894808,177.3769999999999,0.843079643567237
102.02656775637774,182.24399999999977,0.9135509599562845
102.26747417760939,193.35699999999989,0.9540640578562877
102.87674377206612,174.42200000000003,0.9722385422002866
103.62718469566383,165.52599999999998,0.9804151972971081
104.0317740657736,138.16400000000002,0.9866567649694962
104.6459050231143,145.57700000000014,0.9871174398010472
105.20895721140243,146.1080000000001,0.9887235172343998
105.9794441192271,159.90499999999994,0.9885433582881824
106.47446367934518,182.57300000000018,0.991241308124286
106.92892095208357,210.30600000000015,0.9930502975545433
107.30620535054771,223.1320000000002,0.9947347798600586
107.64606855974779,236.55599999999993,0.9958028198972184
108.58679686870377,222.66900000000004,0.9924334447421135
113.29821276184927,171.75400000000002,0.9565226845193624
113.62486082675838,134.882,0.9691477290505677
113.51850619383873,109.79900000000008,0.9774140868024225
112.0686672283786,95.0879999999999,0.9437647553013654
95.08726835022193,88.81200000000004,5.2153145011168865e-05
95.08707127303273,88.34899999999993,0.007221543056010437
95.08677493045805,93.83600000000007,0.08496022618878073
95.15467124330983,115.09199999999998,0.2911560217298298
96.16297986508128,138.69699999999992,0.5346603868721891
97.89996756187465,170.11399999999992,0.7233339709105432
98.95459677704869,147.48299999999983,0.841649224302954
99.57038523300871,136.574,0.9098455228801328
100.31307452028912,130.37099999999998,0.9454932456588592
100.83987639823178,137.59699999999992,0.96416834400247
101.80548510799503,151.25999999999988,0.9684628720555574
102.27463108467988,128.37900000000002,0.9764059619606987
102.80557688787961,146.01700000000002,0.9785386874551544
103.93251058074752,149.17799999999986,0.9737630645756487
105.60505670458352,166.24200000000002,0.9705171121806044
106.03398966968327,196.35199999999983,0.9821680416243839
106.64255832803241,233.16199999999978,0.9875695596329618
107.21844302309432,237.903,0.9909219329439506
108.08552699682,238.33400000000023,0.9916262452381099
108.72142298016236,229.336,0.9924306097124267
109.25525200892963,184.02900000000008,0.9916612908560194
109.9336101045433,131.40099999999995,0.9842459170533925
109.88740178673359,119.27800000000008,0.9827166546102202
108.78605073659729,106.78999999999999,0.9452439749821991
106.78841477781855,102.56399999999996,4.0609321510219954e-05
106.7879040674025,95.57499999999997,0.006372385305583291
106.78234982472888,102.06400000000009,0.07980666737310375
106.80671463039252,135.102,0.28227265773973986
107.08663161290832,153.65900000000016,0.5294074802960889
108.35610605306252,176.1039999999999,0.72076535000309
109.40613241211457,142.29300000000003,0.837730094994086
110.00074093300758,142.25999999999985,0.9051715688095513
110.390773173815,135.84599999999995,0.9447141117976767
110.85381401603897,140.11700000000002,0.962261765519351
111.26989578070993,139.8810000000001,0.9741964398597724
111.64103310617429,141.26200000000006,0.9773398231266235
111.92214957203804,143.17399999999995,0.9829208232125407
112.63788720943744,188.86399999999992,0.9798575563991706
113.61772575163442,203.04799999999986,0.9793250026130952
113.97002885447752,198.6090000000002,0.9870947768954553
114.2327135307731,220.1470000000001,0.9921805419493822
114.58429368822496,233.56700000000004,0.9944171014266658
115.30505758125564,250.15000000000012,0.9939941499390519
115.68446437728635,238.41400000000002,0.9950208996301664
116.11318548601085,218.6949999999999,0.9937539916434062
116.57169026478527,148.17299999999992,0.9848968823203008
116.4953830575075,139.92699999999996,0.9848955241880923
115.87911851815215,112.79399999999991,0.9599597723712276
112.79304059732883,104.62599999999998,7.343247758505215e-05
112.79253363847931,97.97399999999989,0.008569078200650353
112.7862126150627,104.70300000000007,0.09254685235519791
112.80415173679137,129.20099999999996,0.30401426212203053
113.08940074006092,131.81599999999995,0.5491820185547396
114.64161790325883,165.55999999999997,0.7317902612770366
115.48815339461704,164.94799999999992,0.8437779995955415
116.0554605052093,136.44099999999992,0.9072143672598547
116.4588054792886,135.13200000000018,0.9433358998642709
116.88884117697486,141.23299999999995,0.9603955972434608
117.30732603115862,145.16900000000015,0.971302072424252
117.59222319167547,135.01699999999988,0.9774062119298658
117.88053194556954,138.48399999999998,0.9818577898510988
117.96902698534434,139.45300000000003,0.9898052541551324
118.09842488167712,168.27500000000018,0.9937211657011221
118.48006660950522,197.938,0.9942118187573248
118.81557919816967,214.9120000000001,0.9953581400283265
119.22982554146448,218.23500000000004,0.9957199940967114
119.75862563260443,235.05199999999994,0.9955666522049055
120.06478370252464,222.95799999999997,0.9962582256863035
120.23185465229885,177.60099999999994,0.9969891234650626
120.56098478320865,161.7789999999999,0.9903075410856054
120.5627218963619,120.38699999999994,0.9927506219294829
120.15079936518158,107.321,0.9684517348100004
107.3207525278421,97.721,4.393175981846501e-05
107.32050445167408,94.03600000000004,0.006627959463920891
107.31854898206625,104.18699999999998,0.08139763320913303
107.35012098632194,133.77700000000007,0.2850771866289896
107.475624183999,153.81900000000005,0.5329156601292229
108.47101723202185,168.13300000000012,0.7243189034236693
108.83232655709425,149.6869999999998,0.847581572407692
109.7870585001551,137.34400000000002,0.905367183746649
110.47877953920192,135.47700000000003,0.9391042191498047
111.17361932880279,126.96900000000002,0.956887113805252
111.8476742176169,141.563,0.9675818016066713
112.36144693934878,140.32699999999988,0.9725685153700017
112.85598120635908,131.18499999999997,0.9768512405109473
112.95371699446767,138.7819999999999,0.9871283786903623
113.12732421087149,150.85600000000002,0.99204856591552
113.65641166839832,182.80599999999993,0.9927207246017632
114.13973053301062,196.8189999999999,0.9939649973669791
114.7050369061932,207.56999999999996,0.9943715225069302
115.47444482789385,224.04400000000004,0.9939780574027439
115.89231868396425,217.2730000000002,0.9950159694648536
116.08250133074995,185.86799999999997,0.9961666976433948
116.32374303062636,140.406,0.9943130898067083
116.35038675218023,120.38099999999999,0.9940337796478608
115.99983603926778,105.8149999999999,0.9671945436201104
105.81450765011832,99.72999999999999,3.6321605423577245e-05
105.81422648426698,95.95499999999997,0.006026605520287
105.81299060250133,105.47299999999991,0.07761668855059968
105.85390446394987,125.90399999999993,0.2783644460792062
105.98507718938818,153.56500000000008,0.5267315816442067
107.2265170972137,157.84699999999995,0.7187266174228528
107.71184580692854,151.30200000000013,0.8431284561027564
109.06906322284703,147.20600000000022,0.8971876774656845
109.95758321148745,135.6230000000001,0.9314555419946986
110.3908139096682,144.58,0.9563162185977447
111.32099542002219,152.51499999999993,0.9634527527167246
111.97469288792263,152.04200000000003,0.9688098738155148
112.46114783355497,158.18099999999984,0.9743338874979656
112.5599343693866,158.29199999999986,0.9856304520603496
112.71622995080227,166.81999999999994,0.9912413707019474
113.30065044129746,187.464,0.9918124476630177
113.74319880539008,197.75000000000003,0.9935777611024811
114.31578873548716,228.45499999999984,0.9940308424468126
115.14498869299781,233.0079999999999,0.9934219967938103
115.6915998015883,218.67700000000016,0.9940981704999152
115.9508548217351,180.04500000000007,0.9952165851485032
116.22589240668074,152.18999999999997,0.9929469396163636
116.22171986698685,125.60700000000001,0.9723357278511213
114.76502600038307,116.53599999999997,0.9429551421042385
116.53353340146818,106.64899999999994,7.415606079137755e-05
116.52958964688158,104.25499999999997,0.008610400130592676
116.50334467003707,105.08999999999993,0.09274690427411567
116.45444095049062,111.538,0.3040560668891846
116.47991584509485,125.91099999999996,0.5477030212672054
116.63495366804024,144.36400000000003,0.7379679738745444
118.6741469230872,170.94999999999993,0.8443868186748014
119.33010531478325,182.1000000000001,0.913695011905278
119.51345143350073,166.81199999999993,0.9543857032085806
120.08995703492947,157.417,0.9714466126834334
120.8147877002159,168.30099999999993,0.9781244632996569
120.9702589327331,153.1999999999999,0.9866153253459032
121.38649248868157,158.35999999999993,0.9862914725915432
121.65590058464097,180.4199999999999,0.9892735070396517
122.15894351676944,181.95499999999996,0.9889804124528494
122.67411493516083,179.91100000000006,0.9904583886818918
123.09333744649182,189.84500000000003,0.9925218873615617
123.51032387811578,203.20500000000015,0.9940229922050817
123.83393227561413,205.06899999999985,0.9954007337583035
124.23917637696603,188.907,0.9952573412999375
128.3928151951262,179.321,0.9511148298819577
128.49105647149926,156.48999999999992,0.963774482208019
128.23068473418428,131.17300000000006,0.9667309769796715
127.89100967954462,109.212,0.9756223796807612
109.21150726554471,97.43199999999997,8.684744522846568e-05
109.21059922274314,92.92199999999993,0.009318657034174622
109.20785543583379,96.94399999999997,0.09651913414942088
109.19799997547011,99.825,0.3103107556826965
109.33664846077988,114.41300000000005,0.5538537639456301
109.59436019181669,136.4489999999999,0.7414431036530268
111.70406719618383,171.39999999999995,0.847050336943457
112.65748773458668,176.60500000000008,0.913760422591416
112.8908187678206,190.48299999999992,0.9540881158379542
113.40588426196771,171.41900000000018,0.97198540986049
114.48011245404189,191.36500000000012,0.9761587188368183
114.73975710997738,189.98900000000012,0.9846828632640459
115.34873336603987,177.55199999999996,0.9844332776695297
115.58924812975008,168.02099999999996,0.9897726313863304
116.10153277307094,169.45800000000017,0.9903702579884448
116.75966807065956,195.47899999999996,0.9902800906283632
117.27696735713016,223.12600000000006,0.9919034033196531
117.75712419660958,237.7200000000002,0.993408288477772
118.09075461475835,231.30600000000015,0.9950220651797622
118.47620369828844,211.20099999999988,0.9951437209449088
120.86640020127808,191.42600000000007,0.9759194493686265
120.99915549480781,140.23299999999995,0.9845194528432483
120.99517216066353,117.70800000000006,0.9881023143654781
120.3688309422203,103.85699999999997,0.9618017936951484
103.85669954784024,99.00099999999995,2.496608457846436e-05
103.8564987010005,90.45100000000001,0.0049964950677571455
103.8564246463736,101.40700000000004,0.07067329025934353
103.9025736491937,130.64199999999997,0.26559581650049957
104.06668657126328,134.79700000000003,0.5144067583307872
104.6979714475893,173.16499999999996,0.7135616502201404
105.40725952562637,160.42300000000006,0.8382990639995066
106.45643242234529,160.68299999999985,0.9023766159274983
107.75458235567478,142.74399999999997,0.9287271958544743
108.22021482378142,140.63200000000006,0.9561822144519404
109.01419928907649,143.85099999999994,0.9674060539098254
109.43779885477778,131.63799999999998,0.9771700638966805
109.74862047145348,136.062,0.9843264649311192
109.89706820509222,149.979,0.9903399508392394
110.12744533825445,156.69800000000004,0.9930450940322891
110.95445553904358,181.83599999999987,0.9912631713136946
111.48221009765186,211.32299999999992,0.9928204638169923
112.18090613342407,228.4849999999999,0.9932642052670376
113.30992744163406,228.31599999999997,0.9918791064250524
114.06896330340827,221.49400000000003,0.9923608023527926
114.40944164230926,182.7130000000002,0.9937528185033687
114.79655479223014,144.40499999999992,0.9910524821150379
114.84919101943407,110.0739999999999,0.9899022318083778
114.35335319500172,95.97799999999998,0.9591067861030763
95.97822152839748,96.55500000000006,1.4513506128280826e-05
95.97810821795382,93.61900000000004,0.0038095901024957418
95.97996512961574,97.55600000000001,0.06171079282208904
96.05261600197868,125.17699999999992,0.24814555672189553
96.1843160360364,153.84199999999998,0.49744506840274966
96.96151571105102,173.98800000000008,0.7014921226276558
97.80091025603976,134.23499999999984,0.8315251552973684
98.305325550795,128.337,0.9074114092679275
99.8118403637347,132.81800000000004,0.9344788095487871
100.62283978630765,127.7240000000001,0.9565499880099376
101.91051150136244,139.65599999999995,0.9637453865869108
102.36924059539766,147.81100000000006,0.9752834620553071
102.74022657391106,134.82399999999998,0.9829446948464062
102.97691763393347,139.0610000000002,0.9889778752547227
103.29956717251855,155.80999999999995,0.9917330479517006
104.3676995376248,176.34299999999976,0.9894449743952767
105.0885117817845,203.749,0.9912346958806749
106.04951486376173,218.1790000000001,0.9916061585061945
107.63039909974405,220.2179999999999,0.989422969537175
108.73694855361282,228.5570000000001,0.9897913159219843
109.24242306072631,178.43299999999977,0.9915230840832042
109.78506180147235,146.75,0.9884093582147996
109.86398864210193,121.22400000000009,0.9880984825010029
109.3835631208504,108.47499999999998,0.9585061898627489
108.47416941344905,99.10399999999993,1.943182062589644e-05
108.47378809141632,95.43400000000007,0.00440806039815193
108.47104240785364,102.26899999999996,0.0663799015251721
108.52549843033884,127.74900000000004,0.2572815619983795
108.64484859955564,140.03900000000013,0.506437195602878
109.42057196391046,163.2440000000001,0.7071999755413036
109.64476400875934,156.23400000000007,0.838432735618615
109.82813022012944,155.0489999999998,0.9130452164751656
110.85755289480905,145.39100000000002,0.9368749644401189
111.26000372998963,135.86299999999994,0.9598578042499065
112.2523933661904,123.74899999999992,0.9640681091121863
112.62205169407254,125.12199999999996,0.975606653978208
112.92462576850545,126.46300000000008,0.9821502879397337
113.12068475000459,135.84500000000003,0.9881486073913001
113.4604609121997,143.88100000000014,0.9904256454419317
114.34760882186062,173.58400000000003,0.9887261212228072
115.18274672251877,190.715,0.9898137396209232
116.25983975027472,204.83399999999992,0.9898869226626028
117.70804322883235,208.90199999999984,0.9883815280904825
118.91333912354517,210.79300000000006,0.9884590236580338
119.43609350154956,195.61599999999999,0.9900363155475295
119.966847854612,150.16899999999998,0.9851642885343809
119.93474579542418,120.99699999999999,0.9847493417790794
119.25428186910591,102.14900000000004,0.9581509127231154
102.14875484826433,101.57099999999993,2.0856310333998294e-05
102.14857415861403,98.541,0.004566772443614796
102.1481935905089,115.82399999999998,0.06756113350347467
102.25109751134478,125.24999999999999,0.2594043247486222
102.39990833971942,147.1879999999999,0.508396268310938
103.21138880074426,170.3309999999999,0.7085890441931769
103.53850853780487,137.7970000000001,0.8388449931636541
103.79396904577416,141.45400000000004,0.9131452304711433
104.77567514759531,138.34499999999983,0.942302282279266
105.4383296765624,133.43900000000014,0.9601810584655543
105.76623113512316,138.5559999999999,0.9744484856904776
106.04023169292887,148.24800000000005,0.9825781588081044
106.33639761412651,128.41400000000002,0.9861720173728
106.58807708553088,131.61800000000008,0.9896567310596935
106.899968937458,143.69199999999995,0.9914236447423723
107.92582750869232,175.7569999999999,0.988552499338719
108.65461413200048,188.2579999999999,0.990337597791616
109.46029755437762,220.22000000000017,0.9914317838823083
110.39453355309736,222.6000000000002,0.9915165650385843
111.57059496776044,220.26299999999986,0.9902585074123644
112.17198372026036,198.39599999999996,0.9911351388545909
113.06478027987066,159.87899999999993,0.9829895025437994
113.18729966674469,121.03999999999999,0.9816797356861414
112.65479984070396,108.57800000000002,0.9530602653412402
108.57748162732048,101.31099999999996,2.6479437248005447e-05
108.57721493092716,103.01599999999992,0.0051457104209317
108.57724137216925,107.612,0.07172567526703795
108.66947050268833,118.67899999999986,0.26713268124833006
108.84407879337323,146.0720000000001,0.5156024173302792
109.8388097504859,155.41999999999996,0.7120711729601185
110.0846424362435,153.95199999999994,0.8409649838269722
110.36225154814547,148.74899999999994,0.9133587781879475
111.37304255071737,149.2039999999999,0.938611389844055
112.02964585636876,166.03799999999998,0.9550620886921413
112.38390955910825,178.68800000000016,0.9701245696790327
112.62970562435653,176.79200000000006,0.9805264166954724
112.88495423768946,178.19699999999997,0.9839511287255545
113.07065791574269,183.00799999999998,0.9882473193832009
113.36088135447042,196.01900000000018,0.9900787575961495
114.58052450006124,231.20300000000006,0.9855309205139163
115.24729498671054,243.31200000000013,0.98867984898732
116.28700127449443,249.44500000000005,0.9892654649765315
117.42709802185077,260.25399999999996,0.9892168274148371
118.88508516771257,256.98100000000005,0.9873931366802595
119.50419733474928,246.5,0.989401168629805
120.05976200192737,193.135,0.9861140002168266
120.1402758012113,166.418,0.982714662939678
119.87548064077835,135.128,0.9810938092393493
135.12459970264277,129.34199999999996,6.789504981587986e-05
135.12001432516558,118.812,0.00823921754705076
135.11101948891195,117.64400000000005,0.09075580558071167
135.02828198528556,130.9989999999999,0.3008581594366947
134.86010499205395,133.41400000000004,0.5456320717350465
134.91150856184888,159.13700000000006,0.7356186879180829
136.33325897443592,167.35000000000005,0.8416537256177433
137.1408251651384,174.79699999999997,0.9084608048120923
137.31335324165738,172.56599999999992,0.9511965947706084
137.68737888167712,169.41800000000012,0.9692762797609576
137.97330564613446,165.99799999999982,0.9809511161830209
138.06897680980816,164.83499999999995,0.9889447077237082
138.21029562125332,176.32699999999994,0.9914128730884382
138.39661634011853,170.08499999999995,0.9923495874724508
138.79660187366412,185.83899999999994,0.9900940874363303
139.27643850556038,197.35400000000027,0.990175233901465
139.57748497201194,216.49800000000002,0.9929145984207389
139.87335704041797,193.29500000000002,0.9946201155799222
140.19909207659705,202.44199999999992,0.9953244756915274
140.55540199558288,195.9960000000001,0.9948595469859487
141.11969468099326,183.22699999999995,0.9904315064090774
141.1126778164535,159.63799999999978,0.9907327013547989
141.1065654486905,135.25500000000002,0.9940529644188014
140.9777504966665,108.36199999999997,0.9943360339580453
108.36277777421465,105.26300000000002,7.61352153024802e-05
108.363289376174,99.5939999999999,0.008725119445510247
108.36337586118371,108.92499999999995,0.09339891823930849
108.36622832776668,106.04000000000008,0.30551803931385374
108.44225248707905,124.13100000000017,0.5513637311254206
108.63896942341042,157.78600000000012,0.7406619150982657
110.79214055362525,166.91000000000003,0.8456083103671634
112.3745537211243,185.85599999999965,0.9084180974113694
112.72007330032955,174.13900000000004,0.9505667749495266
113.65721554327816,209.51699999999994,0.9667076809354989
114.12780508165206,209.18500000000012,0.9793096245219366
114.33907497263178,216.85200000000006,0.987646695836636
114.66748428208055,220.40999999999997,0.9907531941679563
115.14609814359494,227.33899999999986,0.9908249570835366
115.7502707239617,233.99800000000008,0.9904616676798208
116.57928211876815,236.74099999999993,0.9897461102514625
117.10196848854908,259.7149999999998,0.9921205314852812
117.37703013558229,268.7970000000003,0.9945352081777057
117.75716508274473,281.1729999999998,0.9953274739092847
118.3479646561466,255.5590000000001,0.9941152027346629
119.53755942390983,211.69400000000007,0.9876493886579142
119.72523431879424,177.59600000000003,0.990508915783067
119.73238886398605,141.167,0.9821634097715005
118.99951901507468,130.777,0.9529678279229037
130.77496389591258,124.91699999999996,1.439764093657247e-05
130.7743467597354,114.00799999999991,0.0037943569611824683
130.77069764942758,114.87099999999998,0.061591589213215205
130.75036469503738,130.1720000000002,0.2478287638519946
130.84000793273677,145.6889999999999,0.49630225911145553
131.12700821715111,159.14100000000002,0.7014537581439645
131.26823070717495,168.32299999999998,0.8341449191841369
131.42131107550082,183.57699999999997,0.9087321686112516
131.69388354886115,199.28799999999998,0.9419530899438564
131.75694125528332,209.0370000000001,0.9683974167819733
131.80339455675505,210.68100000000004,0.9828674988152257
131.85941061092913,212.80800000000005,0.9900145782623221
131.9144382051175,208.56799999999998,0.9937303135801995
131.96498746005108,216.00700000000003,0.9957993433980893
132.031659843882,205.05200000000005,0.9969161170294678
132.1365238494304,215.05399999999992,0.9976351122415473
132.28756464132837,223.73399999999987,0.9978648553557963
132.70417985965918,226.83600000000004,0.9968468614502455
133.01282833369572,234.3379999999999,0.9969372862954197
133.30964678131375,217.60300000000012,0.9969741275447928
133.42172413832864,188.656,0.9977509922206804
133.50472042360616,148.66799999999995,0.99757578824697
133.45343143020952,126.72399999999995,0.9943616072740693
133.18270994773908,105.76100000000001,0.9767594020647347
105.76184117796916,105.26199999999997,5.230830901071562e-05
105.76194441301641,99.45200000000001,0.007232325362862459
105.7631483018405,103.46499999999996,0.08503063961585658
105.83302361804664,109.88099999999991,0.2910940620605081
106.2250478216808,128.77100000000002,0.5368529749254959
106.87522186549712,153.16900000000007,0.7284629697025672
107.16090871287773,149.802,0.8510864523671006
107.30884744286959,147.97799999999995,0.9212791706487654
107.39189389782321,150.29699999999988,0.9591138480292843
107.45309237112721,163.5109999999999,0.9788441942822209
107.51541398736474,166.74900000000017,0.9888715650423293
107.59712305585636,155.38099999999994,0.9938567216264338
107.67823284750084,148.4249999999999,0.9963223468293753
107.7453987678028,148.97099999999995,0.9976782350722212
107.85287264662858,170.67599999999993,0.9980841067012615
108.03856259953552,179.53300000000002,0.9980562112260988
108.29335065951742,191.3170000000001,0.9978561019137601
108.9585257366943,194.05399999999983,0.996195722932035
109.47243353019529,188.214,0.996068641822367
109.88752601682734,179.99800000000002,0.9962723475204447
110.04801333819299,167.3900000000001,0.997264979559848
110.18769155851784,134.99199999999996,0.9971657437822161
110.39656292012565,115.8110000000001,0.9924577316484684
110.36972492511731,107.25100000000008,0.972525743705898
107.25105657664014,102.19199999999996,4.37247659258295e-05
107.25093313382499,88.62100000000004,0.006612350358407065
107.25088183444798,90.16199999999988,0.08130433354684283
107.26656469838882,98.69699999999993,0.28496981040814084
107.3871545261765,123.11600000000001,0.532829253406145
107.92704684034484,141.14299999999997,0.7260692360813916
108.24227092555594,171.81599999999997,0.8491995939777578
108.4000865210683,179.83300000000017,0.9200095208294707
108.49596729079913,187.12200000000024,0.9582484899249593
108.57807889072033,167.73999999999998,0.9782042095034681
108.65463042095293,164.132,0.9884057233322913
108.73502766133454,142.02500000000012,0.9935345225126999
108.8109552602434,151.347,0.9960908234072868
108.87591555697085,146.55499999999986,0.9974925137065159
109.01366464528708,155.09399999999988,0.9977219934131194
109.1886925161194,158.09500000000014,0.9978029388003309
109.41118934060083,174.58599999999998,0.9977577420036766
109.69255454060335,173.232,0.9975723173069388
109.86810818714542,178.94900000000004,0.9979810502165373
110.02383007847709,165.56000000000012,0.9982256174062053
110.14196534951803,153.50199999999992,0.9983327476180248
110.25327298422003,127.33099999999992,0.9977220816660503
110.40893346663051,114.8290000000001,0.9929675167299318
110.34801132011772,95.49899999999997,0.9712226349600455
95.49946941626216,89.69200000000002,3.204849359450351e-05
95.49937727793518,88.11399999999995,0.005661034226241023
95.49955460189432,85.83199999999995,0.07523209127331683
95.50885350933703,95.59599999999993,0.2742131814073301
95.60454433822683,101.61200000000002,0.522957915191934
95.92713035886452,128.36000000000004,0.721068965628817
96.27378338618591,151.07499999999993,0.8468758049548407
96.46948306235207,175.62600000000015,0.9189353653772091
96.60021391873394,174.50100000000006,0.9577282002238332
96.7304667779457,169.11700000000016,0.9777284605670754
96.84975200043824,148.34699999999992,0.9879530391149557
96.93885661268965,147.82399999999987,0.9932553819030465
97.04913383470505,143.1739999999999,0.9957545169623498
97.13561458065882,147.10800000000003,0.9971971278388395
97.28979742390851,158.289,0.9974839258537516
97.43554388096749,159.73200000000003,0.9978432982164792
97.62376245751679,165.79900000000018,0.9979525131128933
97.78307630270344,185.89700000000002,0.9982143346309407
97.92250130694384,198.1949999999999,0.9984570629939306
98.03145721724637,178.36699999999988,0.9986397256924894
98.14270598491156,160.31,0.9985724160582928
98.2687819222254,132.61999999999998,0.9978129117034256
98.54131315507533,109.03899999999993,0.9924678701612902
98.55956425761421,99.611,0.9696311422882166
99.61053489648491,93.15499999999994,3.493598173567794e-05
99.61029657451233,87.60399999999998,0.0059105442261231916
99.60920278863262,82.59099999999997,0.07687235582036801
99.61187207668061,100.31500000000005,0.2771928635545331
99.63494429570228,110.221,0.5261752967067685
99.77065325849493,137.31200000000004,0.7242477256491379
100.13202097917456,141.47299999999996,0.8483471488633867
100.3767043797336,170.12099999999992,0.9193971025858002
100.54133393098316,140.53599999999994,0.95772493081736
100.70904827886261,152.051,0.9774125270378222
100.82913738973058,153.71399999999997,0.987634588069595
100.93135371662927,134.51099999999988,0.9928733634823759
101.04512999458215,137.02799999999988,0.9953749571838256
101.13476318579117,150.45399999999992,0.996847903046068
101.3137871390451,156.57199999999995,0.9969797009796805
101.46276571943929,167.54299999999992,0.9974307123012232
101.61650996145669,183.13599999999994,0.9977899772839948
101.79932241666594,171.27800000000008,0.997935205834054
101.9647289313235,189.67399999999995,0.9981409821201174
102.09197617797307,194.16099999999992,0.998310489138582
102.21831230206014,163.34499999999994,0.9981981273924416
102.35744636839947,136.03500000000008,0.9971607397329908
102.48325651259258,116.40599999999998,0.9967636287939495
102.5606399872374,100.3549999999999,0.9949723444236507
100.35550062389873,100.252,5.872297471224398e-05
100.35569394290803,92.84800000000011,0.007662651626600343
100.35679619311587,90.91099999999999,0.08752712423488081
100.36269065803259,103.52500000000005,0.29574601716197085
100.51906598682112,117.84099999999992,0.5420008790508428
100.7951155147735,143.92399999999998,0.7341832580572165
103.45901108677803,145.26800000000003,0.8400567931592956
104.99277770470589,154.0259999999999,0.9073287781626973
105.47552518927644,155.45800000000003,0.9492825015322628
105.66701917008366,164.76099999999994,0.9730796979801618
105.89450044656681,157.8229999999999,0.9850328463619098
106.01862397164727,147.63999999999987,0.9917092845939671
106.15420804832542,160.0960000000001,0.9950209924861622
106.287276533876,175.43500000000003,0.996751981396892
106.40844725962104,187.64800000000014,0.9976875188820659
106.62313039296363,184.88200000000003,0.9977685613655053
106.83960221672702,193.68999999999994,0.9979948855168823
106.97789836168197,202.06599999999995,0.9984400480015743
107.13376581782157,212.28200000000004,0.998653592321892
107.29602129942697,201.76000000000005,0.9985962929341184
107.69096441686024,176.89299999999983,0.9969545623110186
107.87516589396974,150.703,0.9966615175261923
107.94482453485583,132.29399999999993,0.9965471873317493
107.9430498942675,113.32699999999994,0.9947582204129529
113.32615627839785,105.53099999999996,3.574304325212124e-05
113.3242365595674,106.98600000000002,0.0059781694174061446
113.32228592639787,105.39699999999998,0.07731121256778851
113.3175987939882,104.23700000000001,0.2779400378399825
113.37158034565257,114.72300000000003,0.5253569627173349
113.6003995944337,134.2170000000001,0.7224519417673373
113.86626949318966,171.02100000000019,0.8475786318486319
114.16495718285906,178.02599999999984,0.9182021003974268
114.44682892371101,172.786,0.9556988267177333
114.61520040354543,173.16200000000003,0.9762017513829928
114.76722961673018,165.41700000000012,0.9868029037719936
114.84477418242443,153.66099999999994,0.9927011811351427
114.95015512365362,141.09599999999986,0.9955062314315022
115.07857543929792,145.17800000000005,0.9968530557887755
115.21165331477681,165.31600000000006,0.9975495844440612
115.40768443560717,176.65100000000007,0.9976034489344172
115.56299873696575,200.54999999999987,0.9980307165651507
115.69036984601041,211.81100000000004,0.9984048691898716
115.82593933144197,212.59600000000003,0.998617005225193
115.99066211311212,193.76099999999988,0.998436356630515
116.34803138903581,157.63300000000012,0.9966888935408599
116.53503387164486,146.34999999999994,0.995969486411013
116.52046707007166,114.60299999999992,0.9915695983717223
115.97366651121423,98.77199999999996,0.9683326258441718
98.7716374020704,91.07999999999996,2.2735444948451698e-05
98.77139802968654,88.36000000000004,0.004768068061105458
98.76985107207236,91.94699999999993,0.06904445499482023
98.77236119739563,103.67799999999994,0.26269020456569026
98.79612697624749,135.034,0.5121751805570084
98.96576363533067,155.47899999999996,0.7142302916576898
99.2498069990797,151.4140000000001,0.8428520232196743
99.57362781802867,167.64499999999998,0.9159360591493492
99.69204879910225,165.57399999999998,0.9560765989719006
99.87492658085831,149.38799999999986,0.9763578493167661
100.03416469373069,158.04000000000025,0.9867454367546881
100.13659929700505,157.41999999999982,0.9923070228788985
100.24821039988876,160.20800000000014,0.9949471402613933
100.36640127549282,149.28699999999998,0.9963500841756117
100.59759926925261,166.07299999999984,0.9962599981333998
100.80082131749379,187.49499999999998,0.9966712179058095
101.01570105748658,193.16600000000008,0.997046477758246
101.18165700543776,193.4590000000002,0.997537157576352
101.38108632692722,217.48700000000014,0.9977269221146494
101.55869018416685,196.27400000000006,0.9978469405762476
101.72818882415059,174.44699999999997,0.9976179927784904
101.92116655512297,146.9489999999999,0.9961059703788173
102.15129391265087,117.01200000000004,0.9892870012134868
102.05873282155001,102.23900000000005,0.9652532298142802
